BookID,Title,Author,Genre,PublishedDate,ISBN,CopiesAvailable
1,The FloralWhite Purpose number model air,Steven Kelly,Fantasy,2021-08-18,978-0-7507-0772-5,9
2,The Fuchsia Wide several pay education,Dr. Joanna Carter,Mystery,2017-08-28,978-1-83033-305-6,8
3,The Orchid Able suffer,William Escobar,Non-fiction,2020-09-08,978-1-972153-48-2,18
4,The LightPink Carry alone trade include,Sheryl Sullivan,Romance,2006-10-21,978-1-385-95042-5,14
5,The RosyBrown Senior material,Kristen Mcneil,Science Fiction,2015-06-12,978-1-57863-381-4,11
6,The Gold Decide different public,Luke Robinson,Thriller,2021-04-24,978-1-81844-630-3,16
7,The LightSalmon Camera owner,Kristin Smith,Science Fiction,2000-06-07,978-0-586-10052-3,1
8,The GoldenRod Including think open,Renee Newman,Science Fiction,2003-05-11,978-1-05-105689-5,12
9,The DeepPink Prevent,John Fowler,Mystery,2001-05-26,978-0-408-22417-8,3
10,The ForestGreen Cup ever article,Danielle West,Fantasy,2018-11-12,978-0-277-92170-3,16
11,The DarkBlue Security stock,Michelle Stark,Historical,2015-07-16,978-0-607-20997-6,6
12,The Khaki Huge score,Theresa Mason,Historical,2020-02-23,978-0-553-68288-5,5
13,The MintCream Respond material door,Michelle Lopez,Mystery,2018-10-10,978-0-12-963730-1,4
14,The AntiqueWhite Too,Mindy Jones,Science Fiction,2014-06-13,978-0-927778-63-3,3
15,The Lavender Second part kind,Maria Gutierrez,Thriller,2019-06-25,978-1-9855-4765-0,4
16,The DarkSlateGray Team,Allen Garcia,Science Fiction,2016-05-07,978-0-946555-60-4,6
17,The SlateGray Say movement top,Daniel James,Thriller,2019-08-03,978-0-402-91165-4,14
18,The DarkGreen Better seek,Matthew Gallagher,Fantasy,2020-09-29,978-0-605-61888-6,10
19,The Violet Institution,Erik Calhoun,Historical,2020-12-11,978-0-86322-464-5,13
20,The RosyBrown Somebody road skill,Connie Perez,Historical,2021-10-15,978-0-476-32447-3,4
21,The LightCyan Something significant argue,Peter Porter,Thriller,2011-04-18,978-0-632-03801-5,2
22,The AliceBlue Politics special,Joe Martinez,Mystery,2022-08-06,978-0-08-500606-7,8
23,The Yellow Pull official,Ryan Jensen,Science Fiction,2019-08-25,978-0-7699-3540-9,5
24,The DarkSlateBlue Tell possible,Jeffery Stevens,Mystery,2023-02-18,978-0-7665-2548-1,13
25,The FloralWhite Talk point record,Amanda Hamilton,Romance,2017-01-17,978-0-03-155525-0,14
26,The Aqua Security pressure,Cassandra Whitaker,Science Fiction,2013-09-01,978-0-9957697-8-6,8
27,The MediumAquaMarine Bank rest phone machine,Amber Morrison,Romance,2008-11-29,978-1-74818-332-3,3
28,The DarkSalmon Why gun often teach,Joyce Jones,Fantasy,2001-01-14,978-0-598-95931-7,10
29,The Chartreuse Break avoid,Tammy Taylor,Romance,2011-02-01,978-0-257-00438-9,1
30,The Green Opportunity,Jason Clayton,Mystery,2002-03-24,978-0-8459-9468-9,3
31,The DarkViolet Fire,Willie Zhang DVM,Romance,2017-08-10,978-0-918423-49-8,7
32,The SkyBlue Black attack success,Michael Patel,Historical,2011-10-05,978-0-252-90357-1,3
33,The Maroon Write early total success,Jeff Jones,Romance,2004-02-06,978-1-228-06999-4,17
34,The DimGray Across chair war,Paul Osborne,Non-fiction,2016-07-11,978-1-80182-556-6,2
35,The OrangeRed Hotel address,Kenneth Kennedy,Thriller,2013-04-24,978-1-304-91359-3,12
36,The Gray Themselves,Mrs. Julie Wells DVM,Romance,2004-09-12,978-1-72069-482-3,4
37,The DarkSlateGray Travel travel small,Johnny Cline,Mystery,2002-06-08,978-0-02-798232-9,3
38,The SaddleBrown Determine over,Luis Little,Science Fiction,2022-11-03,978-0-9969938-8-3,15
39,The SeaGreen Under star,Jessica Snyder,Fantasy,2011-10-12,978-1-56233-095-8,17
40,The Snow Likely buy,Erika Christensen,Science Fiction,2020-01-14,978-0-15-572071-8,9
41,The Sienna Himself story red,Mrs. Julia Bond,Science Fiction,2017-09-15,978-0-432-45553-1,15
42,The MediumTurquoise Meet once,Matthew Smith,Thriller,2004-11-03,978-1-4655-9041-1,5
43,The LightSlateGray Maybe song,Paul Riley,Fantasy,2023-03-17,978-1-77685-204-8,10
44,The MistyRose Single upon according,Melissa Sullivan,Non-fiction,2013-09-18,978-0-01-180430-9,6
45,The MintCream Scientist discuss agency,Marie Dickson,Science Fiction,2004-06-16,978-1-354-38332-2,8
46,The Orange Candidate none human,Megan Wallace,Non-fiction,2013-05-01,978-0-11-126082-1,7
47,The Lime Necessary,Veronica Wood,Science Fiction,2011-01-22,978-1-63550-885-7,9
48,The Gainsboro Establish day individual,Nicole Ferguson,Science Fiction,2015-07-09,978-0-05-687121-2,3
49,The LimeGreen Quality gun,Katherine Rodgers,Fantasy,2010-01-26,978-0-231-49182-2,8
50,The OliveDrab Will debate dark,Cody David,Non-fiction,2015-05-18,978-1-5465-2012-2,15
51,The YellowGreen Happy move,Henry Rice,Romance,2012-08-18,978-0-08-801898-2,9
52,The DarkCyan Special one,Tina Martin,Fantasy,2018-04-11,978-0-11-519425-2,3
53,The MediumSlateBlue Science garden blue relate,Melissa Scott,Mystery,2016-06-30,978-1-963285-37-6,12
54,The Lavender Information one no,Ann Blankenship,Thriller,2002-11-16,978-0-434-26703-3,15
55,The LightCoral Agency human,Susan Yu,Mystery,2011-08-06,978-1-922317-31-5,14
56,The DarkCyan Whom hit break,Tiffany Butler,Romance,2013-07-20,978-1-5196-1073-7,1
57,The LightSteelBlue Help service,Michael Blake,Historical,2016-03-03,978-1-60875-351-2,12
58,The Indigo Near put expect audience,Kathleen Hutchinson,Romance,2021-10-12,978-1-151-74781-5,5
59,The Ivory Go allow hour civil,Joseph Burgess,Non-fiction,2022-02-06,978-1-58237-319-5,9
60,The DarkKhaki International third professional,Shannon Forbes,Non-fiction,2019-11-26,978-1-57586-052-7,7
61,The Khaki And some,Rebecca Gibson,Romance,2015-11-24,978-1-360-67212-0,1
62,The Cyan Against president myself,Brandon Middleton,Fantasy,2017-09-28,978-0-464-27868-9,13
63,The BurlyWood Need happy,Stephanie Neal,Historical,2006-07-21,978-0-18-230142-3,4
64,The Aqua After cultural along,Christopher Jackson,Historical,2016-03-27,978-0-591-97641-0,8
65,The Aqua Rock yet however international,David Pruitt,Romance,2001-10-28,978-1-328-25467-2,17
66,The Plum Source situation,Christine Harris,Non-fiction,2020-02-07,978-0-946049-28-8,10
67,The Maroon Last some,Michael Nelson,Non-fiction,2017-11-11,978-1-70036-562-0,19
68,The Tomato Care attention,Ashley Terrell,Science Fiction,2021-08-17,978-0-385-50762-2,8
69,The Black Themselves,Tara Warren,Romance,2009-07-28,978-1-09-348087-0,6
70,The DarkMagenta Party audience,Barry Smith,Romance,2003-05-11,978-1-342-31117-7,8
71,The Plum Statement deal of stuff,Mrs. Samantha Stevens DDS,Thriller,2000-05-20,978-1-71481-074-1,4
72,The AntiqueWhite Type,Jeffrey Paul,Non-fiction,2001-01-26,978-1-252-70957-6,20
73,The LightCoral Past chair central,George Smith,Science Fiction,2017-05-14,978-0-334-43782-6,20
74,The Teal Letter outside authority,Daniel Higgins,Mystery,2004-09-13,978-0-487-26182-8,16
75,The DarkSlateGray Total strategy area,Adam Gillespie,Romance,2009-03-16,978-1-157-66876-3,20
76,The SkyBlue So trial,Abigail Hancock,Thriller,2009-07-27,978-0-7292-3009-4,6
77,The Thistle Analysis western market,Christopher Thomas,Thriller,2007-04-25,978-0-318-09502-8,2
78,The MediumBlue Career accept fine,Carolyn Terry,Thriller,2009-11-08,978-0-9696551-5-2,8
79,The DarkKhaki New day,William Durham,Science Fiction,2012-09-23,978-0-9872323-6-6,9
80,The Chocolate Cause contain us,Chris Woodard,Science Fiction,2009-09-30,978-0-570-42547-2,5
81,The Bisque As,Alexander Solis,Romance,2004-06-17,978-0-8319-2947-3,8
82,The OliveDrab Card concern wonder,Kevin Ray,Science Fiction,2001-08-06,978-0-545-98907-7,1
83,The WhiteSmoke Their hope option,Grant Zimmerman,Mystery,2003-04-28,978-0-89944-354-6,7
84,The OldLace Box agency,Joseph Park,Thriller,2012-10-28,978-1-70795-269-4,8
85,The MediumSlateBlue It scene process,Kimberly Roman,Non-fiction,2018-07-16,978-1-270-87401-0,19
86,The White Hundred fine,Caleb Wagner,Mystery,2021-08-28,978-0-430-78607-1,1
87,The LightBlue Pretty policy,Lauren Jackson,Romance,2022-12-04,978-0-204-49814-8,10
88,The DimGray Industry,Michael Mays,Non-fiction,2005-04-05,978-0-02-558683-3,1
89,The Gold Against media finally,Melissa Wilson,Mystery,2004-08-09,978-0-268-47620-5,6
90,The DarkMagenta Available somebody,Nancy Hill,Thriller,2002-03-03,978-0-616-13959-2,15
91,The NavajoWhite Truth guess,Christine Simmons,Historical,2003-07-14,978-0-85962-459-6,14
92,The LightSalmon Suddenly move policy,Jennifer Willis,Non-fiction,2012-11-01,978-1-82595-006-0,7
93,The ForestGreen Each enter few,Nathaniel Wright,Historical,2004-02-09,978-1-80301-654-2,6
94,The BurlyWood Free since right,Adam Glover,Thriller,2001-11-29,978-1-60577-797-9,8
95,The PaleGreen Laugh check than,Travis Thompson,Science Fiction,2000-04-30,978-1-182-88014-7,11
96,The ForestGreen Small law decision,Steven Lawrence,Romance,2014-09-19,978-0-593-10537-5,11
97,The ForestGreen Maintain,Elizabeth Day,Romance,2021-12-30,978-0-459-46152-2,2
98,The Violet Success where,Melody Adams,Mystery,2006-01-02,978-0-05-127614-2,9
99,The LightSeaGreen Form,Alexander Stuart,Thriller,2020-10-16,978-1-74142-080-7,12
100,The Plum Sit threat,Matthew Rodriguez,Thriller,2010-06-27,978-0-10-431547-7,7
101,The LightCoral Interesting gun expert create,Gabrielle King,Romance,2004-03-27,978-1-4688-0182-8,9
102,The Red Everything develop,William Solomon,Historical,2019-04-27,978-0-587-41971-6,8
103,The Silver Side she clear,Maria Barry,Romance,2023-04-13,978-0-15-253186-7,1
104,The DarkSlateGray Address foot treatment,Curtis Diaz,Historical,2011-05-30,978-1-09-330828-0,9
105,The Lavender Paper ok,Shane Gonzalez,Mystery,2000-10-19,978-1-02-077990-9,9
106,The LightSteelBlue Quite item,Colleen Larson,Mystery,2002-05-14,978-1-267-92812-2,15
107,The SandyBrown Fish coach,Audrey Roberts,Fantasy,2016-10-22,978-1-214-78424-5,13
108,The DimGray Doctor catch,David Riley,Fantasy,2015-09-13,978-0-7500-1799-2,3
109,The DarkOrange Deal would least east,Deanna Robinson,Romance,2018-04-18,978-0-607-59188-0,4
110,The Moccasin Morning institution window,Melissa Lowery,Science Fiction,2003-04-25,978-1-221-48776-4,15
111,The Khaki Pretty should,Olivia Lewis,Thriller,2012-03-24,978-1-4833-9252-3,7
112,The SpringGreen End be,Christy Brown,Romance,2008-05-20,978-0-7639-0337-4,3
113,The DarkBlue Summer threat,Catherine Howard,Non-fiction,2010-02-23,978-1-211-84326-6,20
114,The Gray Politics pull instead,Emily Perez,Science Fiction,2006-05-31,978-1-950236-61-9,2
115,The Beige Teacher assume,Nicholas Morgan,Historical,2004-05-29,978-1-7367562-6-3,4
116,The Tomato With,Charles Olson,Romance,2001-11-03,978-0-942482-47-8,8
117,The DarkGoldenRod Ready focus,Vincent Brooks,Thriller,2014-05-23,978-0-252-67299-6,15
118,The CadetBlue Middle upon,Mrs. Jamie Craig,Mystery,2018-09-18,978-1-09-055930-2,6
119,The White Strategy scientist,Evelyn Martin,Non-fiction,2017-03-25,978-1-331-09673-3,11
120,The AntiqueWhite Return there list,Tyler Wolfe,Non-fiction,2006-10-25,978-0-7350-3833-2,11
121,The SlateGray Camera size,John Hunt,Romance,2017-03-26,978-0-570-43978-3,17
122,The CornflowerBlue Almost world should,Lisa Leonard,Thriller,2020-05-05,978-1-187-16598-0,15
123,The BlueViolet Rich many mention,Gary Fields,Romance,2021-06-29,978-0-566-90087-7,17
124,The DimGray Mouth specific,John Mitchell,Historical,2007-06-11,978-0-18-233327-1,16
125,The Orchid Us general discuss within,Pamela Copeland,Fantasy,2005-08-03,978-1-76330-961-6,3
126,The LightGreen Interview hour film seat,Erin Burton,Historical,2003-04-01,978-1-09-283062-1,3
127,The Black Happen green,Kara White,Mystery,2009-04-22,978-1-4329-8071-9,3
128,The Snow However everything in,Emily Hansen,Non-fiction,2017-07-09,978-1-383-88122-6,3
129,The LawnGreen Nothing hotel hotel,Jason Thomas,Fantasy,2003-01-08,978-1-57113-945-0,1
130,The Tan Such may amount,Nancy Williamson,Romance,2004-12-06,978-0-389-31285-7,10
131,The Cornsilk Floor stand want,Christopher Johnson,Romance,2019-04-23,978-0-658-41814-3,12
132,The Gainsboro College former reflect,Tyler Roberts,Fantasy,2008-08-12,978-0-7111-7029-2,13
133,The LawnGreen Particular seat close,Carol Conner,Romance,2003-01-02,978-0-09-021865-3,17
134,The Aquamarine Term quickly college,Anna Moore,Non-fiction,2016-02-26,978-0-00-465913-8,10
135,The Peru Easy return guy,Tyler Morris,Non-fiction,2004-03-12,978-0-85740-389-6,20
136,The DarkGreen Use from direction,Donald Ryan,Thriller,2005-06-06,978-0-7443-4524-7,9
137,The MediumPurple Ground popular receive,Katherine Freeman,Non-fiction,2005-03-12,978-1-133-82218-9,16
138,The LightCoral Situation away much,Kimberly Mendoza,Mystery,2011-01-31,978-1-80638-249-1,17
139,The AliceBlue Within anyone often,Elizabeth Morales,Non-fiction,2017-10-21,978-1-322-65838-4,2
140,The MediumSeaGreen Study rise,Angel Rogers,Science Fiction,2021-03-27,978-0-363-85959-0,11
141,The DarkTurquoise Night concern single,Shannon Noble MD,Science Fiction,2008-10-12,978-1-84720-886-6,5
142,The LightCoral Star both,Margaret Gonzalez,Historical,2015-10-05,978-1-261-23123-5,10
143,The GhostWhite During citizen,Thomas Gilmore,Fantasy,2021-06-22,978-0-441-20266-9,6
144,The SlateGray Shake up blue,Erica May,Non-fiction,2016-11-02,978-1-65849-735-0,12
145,The Turquoise Wonder,Randy Solomon,Thriller,2013-04-15,978-1-119-04710-0,13
146,The AntiqueWhite Word forget firm,Henry Mueller,Thriller,2021-08-03,978-0-431-08395-7,3
147,The GoldenRod Economy last notice,Julie Zuniga,Historical,2022-07-23,978-1-01-491797-3,16
148,The Turquoise Else form,Cheryl Lewis,Historical,2005-01-25,978-0-12-950857-1,10
149,The CadetBlue Point attorney watch,Melanie Vazquez,Thriller,2023-07-02,978-0-275-54891-9,2
150,The FloralWhite Listen democratic,Nicole Lozano,Thriller,2001-01-16,978-0-17-352324-7,12
151,The PaleVioletRed He change thing everyone,Sherry Carter,Historical,2002-12-22,978-1-337-08217-4,11
152,The Bisque Push line,Eileen David,Romance,2008-05-18,978-1-84412-681-1,11
153,The Cornsilk Five make child,William Gallagher,Mystery,2005-07-27,978-0-583-13283-1,5
154,The WhiteSmoke Recently building,Anthony Schroeder,Romance,2016-06-10,978-1-80343-116-1,7
155,The PaleGreen Citizen size,Alexander Bush,Thriller,2015-11-26,978-0-7010-1032-4,20
156,The MediumSlateBlue Tonight scientist remain lawyer,Mrs. Melissa Buchanan,Historical,2006-09-05,978-1-192-95473-9,5
157,The LightSeaGreen Meet whom,Anna Rivera,Mystery,2016-07-25,978-0-14-822676-0,2
158,The Cornsilk Wear style remain international,Danny Roberson,Mystery,2007-11-06,978-0-8494-9467-3,20
159,The DarkSlateBlue International science a,Karen Rodriguez,Non-fiction,2008-12-25,978-1-340-34415-3,19
160,The OrangeRed Him traditional senior point,Vanessa Thomas,Science Fiction,2000-08-09,978-1-4928-3085-6,1
161,The LightSalmon Identify,Nathan Johnson,Historical,2013-10-02,978-0-17-159320-4,9
162,The SteelBlue Southern ground whether,Tara Larson,Fantasy,2019-09-10,978-0-15-807010-0,18
163,The Lavender Project dream,David Prince,Non-fiction,2007-05-21,978-1-159-36687-2,10
164,The NavajoWhite Fill responsibility buy,Harold Brewer,Thriller,2008-11-20,978-0-7283-4014-5,4
165,The DarkGoldenRod Billion scene ability,Brianna Sims,Mystery,2023-05-21,978-1-9752-4304-3,18
166,The Lavender Central set hospital,Cheryl Chapman,Thriller,2019-01-28,978-1-77577-662-8,18
167,The SlateBlue Policy turn finally,John Mccoy,Thriller,2023-03-07,978-1-262-75589-1,9
168,The DarkSlateGray Than expect,Aimee Patterson,Fantasy,2023-06-10,978-1-02-578845-6,8
169,The SeaGreen Fast though,Becky Hays,Fantasy,2012-08-26,978-0-620-41220-9,6
170,The LightSkyBlue Laugh measure,Mrs. Marilyn Cox,Mystery,2017-08-18,978-0-06-837177-9,18
171,The Cornsilk Bed edge,Samuel Johnson,Romance,2021-01-04,978-1-935613-36-7,6
172,The LightGray Open official,Valerie Jackson,Non-fiction,2013-08-11,978-0-7656-6427-3,1
173,The LightCoral Section,Randall Ross,Fantasy,2018-01-17,978-0-685-94011-2,8
174,The Sienna Energy,Nicole Cooper,Romance,2001-01-19,978-1-4651-3582-7,18
175,The Tomato Must worker include,Tommy Wilson,Romance,2005-02-24,978-1-329-01472-5,19
176,The Turquoise School wrong,Javier Phillips,Romance,2018-06-30,978-0-501-32505-5,20
177,The Tomato Serve a,Molly Jimenez,Mystery,2008-04-27,978-0-389-61978-9,19
178,The ForestGreen Prove cover,Heidi Graves,Historical,2008-05-23,978-0-592-99065-1,10
179,The BlanchedAlmond Each poor,Cindy Hughes,Romance,2003-06-04,978-1-84597-973-7,16
180,The Crimson Few term baby,Kenneth Underwood,Romance,2018-09-01,978-0-234-03144-5,16
181,The PaleGoldenRod Behavior receive pattern their,Taylor Clay,Romance,2016-07-06,978-0-618-96772-8,7
182,The DarkOrchid Less its them,Thomas Arnold,Mystery,2016-02-25,978-0-09-912338-5,18
183,The LightSalmon Head specific phone hair,Karen Johnson,Thriller,2012-02-20,978-0-9885723-2-4,16
184,The CadetBlue Participant,David Jacobs,Fantasy,2020-03-07,978-0-04-881181-3,12
185,The Chocolate Expect deal,Rebecca Pitts,Historical,2009-01-01,978-0-8324-9308-9,18
186,The FloralWhite List certainly house,Michael Bishop,Fantasy,2012-06-05,978-0-532-96990-7,10
187,The Salmon Brother continue suggest,Larry Bowman,Fantasy,2000-05-02,978-1-157-27790-3,2
188,The Purple Picture weight,Brenda Anderson,Romance,2023-06-11,978-1-60898-852-5,9
189,The DarkSlateBlue Fill contain edge,Michael Thomas,Fantasy,2012-10-19,978-1-339-07244-9,6
190,The SkyBlue Grow response story,Harry Hernandez,Thriller,2022-09-25,978-1-287-41831-3,10
191,The LightPink Finally customer whole,Jonathan Reeves,Romance,2018-10-09,978-1-4283-4743-4,11
192,The Moccasin Half adult,Lisa Brandt,Fantasy,2004-09-21,978-1-5076-5459-0,5
193,The Gainsboro The,Amanda Ramirez,Mystery,2001-11-25,978-1-155-79161-6,14
194,The Teal Relate,Valerie Hall,Non-fiction,2022-12-20,978-0-86688-867-7,2
195,The PaleVioletRed Owner night must,Nathan Edwards,Mystery,2008-11-10,978-1-228-32999-9,18
196,The OldLace Star product serve,Angelica Wilson,Romance,2018-10-15,978-0-665-20659-7,10
197,The MediumVioletRed Company remain,Christopher Fernandez,Romance,2002-04-15,978-0-8161-1648-5,18
198,The Teal However product grow,Jose Johnson,Historical,2006-01-27,978-1-4353-0830-5,6
199,The Pink Range,Lynn Poole,Historical,2017-04-17,978-0-07-037698-4,12
200,The Magenta Ball,Karla Martin,Fantasy,2020-03-14,978-0-437-90349-5,1
201,The LightGreen Since election for,Mr. Douglas Kent Jr.,Historical,2020-07-23,978-0-673-09525-1,19
202,The DeepSkyBlue Me product marriage nor,Melissa Rodriguez,Fantasy,2021-07-05,978-1-924073-69-1,9
203,The Teal Clear,Stacy Martinez,Thriller,2003-09-03,978-1-198-11144-0,17
204,The BurlyWood Mother different former,Scott Mitchell,Historical,2008-10-19,978-1-251-33330-7,3
205,The Teal Case maintain,Andrew Ibarra DDS,Historical,2019-05-27,978-0-12-992306-0,11
206,The Beige Receive range staff,Steven Morris,Romance,2003-05-15,978-1-334-36965-0,8
207,The LemonChiffon Technology century,Heidi Weiss MD,Fantasy,2017-01-07,978-1-4247-7012-0,6
208,The DarkOrange Green remember,Thomas Cox,Romance,2007-03-30,978-1-356-50441-1,2
209,The PapayaWhip Green statement,Catherine Cooper,Romance,2000-06-30,978-0-8470-9363-2,15
210,The Purple Recently leave daughter,Amy Mccarty,Mystery,2006-02-09,978-0-698-90470-5,5
211,The Orchid Then someone,Brittany Bartlett,Fantasy,2013-07-06,978-0-477-87338-3,6
212,The MediumAquaMarine Sound little every range,William Robinson,Science Fiction,2002-11-01,978-1-5158-1111-4,12
213,The Red Space upon,Katherine Andrade,Thriller,2011-09-09,978-0-436-99900-0,1
214,The LightGoldenRodYellow Range difficult,Debbie Green,Science Fiction,2010-01-26,978-1-282-15840-5,5
215,The Purple Real thing,Amber Ferguson,Non-fiction,2017-04-24,978-0-7629-6677-6,16
216,The DarkCyan Responsibility hold,Dawn Hebert,Thriller,2006-02-09,978-1-318-16456-1,2
217,The Magenta Pick market trouble about,Dr. Ashley Jones,Mystery,2002-11-29,978-0-7109-5000-0,9
218,The DarkMagenta Remember pull lose exactly,Jeremiah Lee,Romance,2002-04-29,978-1-4755-1349-3,14
219,The FireBrick That catch film,Jody Moore,Non-fiction,2023-10-19,978-1-330-69646-0,11
220,The RoyalBlue Born open,Ryan Ruiz,Historical,2005-01-20,978-0-652-40294-0,12
221,The Purple Quickly animal,Mr. David Bailey DDS,Thriller,2007-01-03,978-1-309-96344-9,6
222,The Navy Sometimes voice,Betty Baker,Non-fiction,2005-05-27,978-0-85958-313-8,13
223,The DarkTurquoise Pick between,Jessica White,Fantasy,2006-04-13,978-1-4649-8685-7,13
224,The MediumTurquoise Example,Jamie Chavez,Science Fiction,2015-07-17,978-1-72105-059-8,5
225,The AntiqueWhite Product us director,Jason Melendez,Science Fiction,2001-05-03,978-1-157-43380-4,6
226,The Violet Summer poor stay,Leslie Graham,Romance,2021-11-19,978-1-104-17565-8,7
227,The BlueViolet Evening case film friend,Leroy Gomez,Romance,2022-08-08,978-0-418-73785-9,1
228,The DarkSlateBlue Daughter summer smile,Alexander Medina,Thriller,2020-05-20,978-0-7095-5064-8,18
229,The Violet Teach draw create,Austin Jones,Thriller,2001-03-03,978-0-905816-44-9,7
230,The DarkGray Push read manager,John Roberts,Fantasy,2005-05-31,978-1-04-725678-0,4
231,The MediumBlue Small,Dennis Glover,Non-fiction,2011-02-19,978-0-923785-88-8,13
232,The DodgerBlue West,Tanya Murphy,Thriller,2008-06-28,978-0-88938-474-3,10
233,The CornflowerBlue Color cultural case,Amy Carr,Mystery,2014-04-25,978-1-4744-3612-0,11
234,The DarkOrchid Yet enjoy admit,Judith Davis,Science Fiction,2018-09-25,978-1-59802-698-6,19
235,The Plum Energy floor,Lisa Adams,Non-fiction,2005-02-22,978-1-67923-223-7,16
236,The LightGoldenRodYellow Professional southern,Thomas Harrison,Non-fiction,2019-05-15,978-1-312-84627-2,12
237,The PaleVioletRed Almost politics,Casey Wiggins,Non-fiction,2011-02-10,978-0-662-78629-0,6
238,The Tan That,Daisy Brown,Fantasy,2009-03-23,978-0-627-01215-0,7
239,The Coral Present financial four,Garrett Vaughn,Fantasy,2003-01-31,978-0-413-81813-3,9
240,The RoyalBlue Onto article,Christie Jordan,Fantasy,2009-10-24,978-1-309-57167-5,7
241,The MediumTurquoise Without main,James Owens,Mystery,2004-03-26,978-1-917411-62-2,2
242,The Pink Section management,Matthew Shelton,Science Fiction,2002-02-11,978-0-925323-68-2,20
243,The LightGray Range together capital,Robert Yu,Historical,2003-02-24,978-0-11-641498-4,6
244,The Purple Smile spend sport,Nicole Salinas,Science Fiction,2001-12-19,978-1-08-866969-3,7
245,The Blue Perform center,Lisa Hernandez,Mystery,2004-11-01,978-0-427-71074-4,18
246,The Violet Decide door,Christopher Moore,Non-fiction,2020-06-15,978-0-910823-38-8,13
247,The Orchid State method consumer,Cassandra Smith,Romance,2021-01-31,978-1-56939-111-2,10
248,The AntiqueWhite Miss attack,Lacey Mathews MD,Thriller,2005-03-27,978-0-927303-30-9,11
249,The SeaGreen Car concern,Karen Ball,Fantasy,2011-04-07,978-1-68237-062-9,5
250,The CadetBlue Buy dark create,Janet Reyes,Mystery,2001-02-06,978-1-58775-400-5,2
251,The DodgerBlue Like federal because,Brandon Smith,Fantasy,2012-10-23,978-0-452-54423-9,15
252,The DeepSkyBlue Majority similar,Wanda Hayes,Fantasy,2022-03-17,978-0-11-780423-4,14
253,The MediumTurquoise Edge least,Samantha Johnson,Thriller,2010-03-30,978-1-4871-7012-7,16
254,The LightSeaGreen Book sometimes,Chase Lee,Mystery,2018-04-15,978-1-9757-7140-9,10
255,The Thistle Form amount adult,Anna Estes,Romance,2008-03-17,978-0-660-15712-2,15
256,The MediumBlue Dog own majority,Briana Hall,Mystery,2009-04-13,978-0-585-69048-3,1
257,The MediumSeaGreen Policy catch particular,Paula Warren,Non-fiction,2008-07-20,978-0-7453-3203-1,1
258,The Blue Eight pattern,Sarah Livingston,Non-fiction,2017-03-24,978-1-109-92528-9,18
259,The MediumAquaMarine Around account,Mrs. Jennifer Summers,Thriller,2021-06-07,978-1-66466-409-8,20
260,The MediumSpringGreen Decide she own,Gregory Evans Jr.,Mystery,2004-06-25,978-1-00-116850-0,18
261,The Cornsilk In staff officer,Paul Buckley,Thriller,2006-10-07,978-0-320-59905-7,14
262,The LightSteelBlue Contain win its,Andrew Martinez,Non-fiction,2008-06-30,978-1-187-45013-0,6
263,The Tan Light give explain,John Francis,Romance,2022-12-15,978-1-66950-080-3,9
264,The Lime According possible,Kristen Rodriguez,Non-fiction,2003-02-19,978-1-62546-182-7,1
265,The BlanchedAlmond Value field,Jay Robinson,Mystery,2009-12-22,978-0-00-266147-8,12
266,The PaleGoldenRod Democrat rate effort,Jerry Martinez,Thriller,2008-06-05,978-0-11-942431-7,3
267,The AntiqueWhite Environment heavy hair,Cory Singleton,Science Fiction,2009-08-05,978-0-271-33568-1,12
268,The DarkSlateBlue Each ready contain,Maria Morris,Mystery,2021-12-20,978-0-485-07427-7,20
269,The MediumBlue Suggest magazine,Gregory Fernandez,Romance,2022-03-21,978-1-392-69675-0,14
270,The DarkKhaki When seek quite,Diamond Keith,Historical,2017-04-01,978-1-03-927864-6,10
271,The MidnightBlue Recently south include,Madison Gibson,Romance,2017-07-05,978-0-245-80901-9,17
272,The OliveDrab Hard song,Brenda Hicks,Fantasy,2011-12-21,978-0-8271-3958-9,20
273,The ForestGreen Alone seat like,Amy Lopez,Thriller,2017-06-06,978-0-411-72538-9,16
274,The DeepPink Affect although,Nicole Ayers,Science Fiction,2012-07-23,978-0-264-99630-1,5
275,The DarkSalmon Feel key enjoy medical,Christina Gray,Non-fiction,2010-07-24,978-1-992942-15-8,12
276,The DarkOrchid Lawyer present,Mr. Robert Smith,Science Fiction,2004-06-10,978-1-100-32104-2,16
277,The DarkGoldenRod Factor responsibility dream,Michael Ross,Historical,2003-04-11,978-1-870818-84-1,12
278,The MidnightBlue Arm only yeah,Heather Nguyen,Fantasy,2010-04-11,978-1-76519-315-2,11
279,The Purple Assume bar better,David Hamilton,Fantasy,2022-06-15,978-1-928251-37-8,11
280,The GoldenRod Time suffer,Jared Reed,Thriller,2011-05-10,978-0-13-537167-1,5
281,The Moccasin Idea most,Mrs. Susan Smith,Thriller,2008-01-14,978-0-605-03344-3,17
282,The MintCream Actually view student,Samuel Reeves,Non-fiction,2015-07-30,978-1-160-60473-4,14
283,The Brown Collection central simply,Dr. William Thompson DDS,Historical,2022-05-27,978-0-258-80170-3,19
284,The OrangeRed Camera society along contain,Daniel Turner DVM,Non-fiction,2010-12-10,978-0-392-55669-9,16
285,The DarkOrange Decide majority hard,Erin Mcclain,Fantasy,2018-06-12,978-0-350-23145-3,1
286,The MediumSpringGreen Whatever,Morgan Carter,Fantasy,2005-12-22,978-0-00-517232-2,1
287,The FireBrick Onto whom,Michael Decker Jr.,Non-fiction,2016-01-08,978-1-00-137175-7,4
288,The BlueViolet Argue deal another,Philip Weiss,Thriller,2012-03-30,978-0-512-67369-5,5
289,The MediumSeaGreen Call tend,James Yu,Historical,2021-05-10,978-0-9959142-6-1,17
290,The LightCoral Minute standard call better,David Schroeder,Non-fiction,2019-01-26,978-0-261-49072-7,19
291,The HoneyDew Man foot,Daniel Carroll,Thriller,2014-01-11,978-0-8472-1547-8,8
292,The LightCyan Writer field,Clarence Lester,Historical,2002-01-17,978-1-86070-235-8,18
293,The Maroon Message,Toni Pacheco,Non-fiction,2001-01-15,978-0-544-01638-5,3
294,The PaleGreen Plant nice act,Norma Hall DVM,Romance,2018-04-21,978-0-7295-2497-1,11
295,The HoneyDew Exist option and quality,Jeff Hayes,Fantasy,2003-12-27,978-1-00-407942-1,20
296,The DarkCyan Pay according nation,Jennifer Henry,Mystery,2021-08-22,978-1-106-16381-3,2
297,The Red Religious ago put,Erika Morgan,Thriller,2020-03-12,978-0-444-17194-8,11
298,The SteelBlue Different more left,Lee Ayala,Non-fiction,2017-05-23,978-1-966643-40-1,3
299,The Fuchsia Bill be side,Katie Evans,Thriller,2020-10-17,978-1-63907-254-5,10
300,The Orchid Reveal glass building,Jeremy Velasquez,Fantasy,2005-05-22,978-0-566-84858-2,1
301,The SandyBrown Something again,Briana Wagner,Fantasy,2020-12-17,978-1-885367-97-6,15
302,The LightGreen Also just,Heather King,Science Fiction,2002-06-29,978-0-05-580877-6,7
303,The LightSeaGreen Adult but,Lisa Williams DVM,Non-fiction,2000-11-08,978-0-08-817990-4,7
304,The SaddleBrown Market stay,Patricia Davis,Thriller,2017-07-27,978-0-257-84778-8,11
305,The Gray On go morning,Amy Hamilton,Fantasy,2011-03-12,978-0-627-47004-2,8
306,The PaleTurquoise Leg teacher,Adam Lutz,Thriller,2019-01-04,978-0-277-12309-1,9
307,The Chocolate Result media state suddenly,Jeffrey Aguilar,Mystery,2023-01-08,978-0-933491-16-8,5
308,The DarkOrange Moment nation,Linda Little,Mystery,2019-08-24,978-1-396-67323-8,20
309,The HotPink Skin just,Frank Robinson,Mystery,2019-02-09,978-0-417-21391-0,15
310,The Pink Reality among impact,Emily Hernandez,Science Fiction,2011-10-15,978-0-237-81689-6,17
311,The DimGray Total year,Anthony Stein,Fantasy,2013-08-14,978-0-7484-8604-5,20
312,The HotPink Blue carry,Shannon Gonzalez,Mystery,2022-11-29,978-0-86484-142-1,18
313,The LimeGreen Indicate pull,Sandra Harris,Mystery,2003-04-22,978-0-9765514-4-7,12
314,The LawnGreen Late social agent,Susan Ward,Fantasy,2010-12-08,978-0-17-459575-5,8
315,The PowderBlue Usually amount town,Tiffany Carter,Non-fiction,2000-06-13,978-1-02-829537-1,2
316,The DarkOrange Which prepare win,Jamie Chavez,Science Fiction,2009-07-01,978-1-09-698229-6,16
317,The HotPink Exist bit on,Andrew Clark,Historical,2011-03-12,978-0-569-54672-0,20
318,The LightCoral Create thing already,Brian Huang,Thriller,2004-04-25,978-1-120-86964-7,14
319,The Azure Hundred kid,William Adams,Historical,2007-01-01,978-1-5386-4653-3,11
320,The Chartreuse Interest safe certain,Patrick Rose,Thriller,2001-02-15,978-1-4219-7157-5,1
321,The Maroon Safe bring pass yard,Stephen Garcia,Thriller,2016-03-13,978-1-890487-00-3,17
322,The GreenYellow Audience success,Jason Dean,Fantasy,2012-03-01,978-0-240-42981-6,17
323,The HotPink Phone lose role,Gabrielle Beck,Mystery,2020-11-22,978-0-10-501701-1,12
324,The PaleTurquoise Group strategy tree,Linda Coleman,Historical,2009-01-19,978-0-934840-30-9,15
325,The FloralWhite Agent increase soon,Timothy Garrison,Fantasy,2004-08-11,978-0-393-00550-9,11
326,The SeaShell Without win,Jerry Gonzalez,Romance,2019-08-13,978-0-674-28999-4,10
327,The WhiteSmoke Forward approach report account,Sarah Adams,Mystery,2019-09-12,978-1-74166-207-8,18
328,The AntiqueWhite Three hard,Taylor Peterson,Historical,2001-03-21,978-1-931307-08-6,14
329,The Teal Machine gun,Krystal Vasquez,Non-fiction,2020-04-02,978-1-4111-3357-0,13
330,The LightGoldenRodYellow Serve green,Casey Merritt,Thriller,2018-02-05,978-0-340-03495-8,16
331,The RosyBrown Tell wide despite,Lindsey Thomas,Historical,2003-07-04,978-0-16-658688-4,14
332,The LightGoldenRodYellow Decade two set,Vanessa Miller,Non-fiction,2015-04-30,978-0-259-83777-0,6
333,The Khaki Health TV,Christopher Eaton,Non-fiction,2016-06-23,978-0-9613677-8-7,8
334,The ForestGreen Response,Joseph Lewis,Non-fiction,2014-10-30,978-1-57201-639-2,10
335,The PowderBlue Plan arrive become reveal,Jasmine Stewart,Historical,2014-10-13,978-0-598-45707-3,20
336,The SeaGreen Spring professional,Justin Dickson,Thriller,2011-02-14,978-0-7855-6276-4,9
337,The Orange Him,Elizabeth Taylor,Mystery,2003-01-29,978-0-541-48843-7,19
338,The Green Exactly either,Gregory Terry,Non-fiction,2022-03-01,978-1-60426-634-4,11
339,The DarkMagenta Painting care reveal mother,Karen Callahan,Mystery,2007-03-26,978-1-75040-111-8,14
340,The Chocolate Upon process election consumer,Pamela Turner,Fantasy,2014-02-24,978-1-60746-744-1,9
341,The DarkKhaki Coach glass available,Betty Golden,Romance,2006-10-24,978-0-229-60620-7,10
342,The White Require lay,Gabriela Torres,Non-fiction,2021-06-29,978-1-935086-75-8,10
343,The DarkSalmon Would leg spring,Sierra Johnson,Fantasy,2023-10-07,978-0-07-730641-0,2
344,The Violet Beyond technology,Nancy Davis,Historical,2023-08-05,978-1-324-62886-6,19
345,The RoyalBlue Dog interesting treatment,Amanda Ford,Science Fiction,2008-07-02,978-0-87591-106-9,4
346,The Cornsilk Music fly,Steven Brown,Historical,2017-06-27,978-1-5422-3361-3,5
347,The OldLace Pm however thing,Michael Zimmerman,Non-fiction,2007-04-03,978-0-916781-32-3,15
348,The Magenta Economy it continue,Anthony Alvarez,Romance,2008-02-03,978-0-324-85467-1,1
349,The HotPink Time indicate even,John Richardson,Romance,2017-01-08,978-1-880646-23-6,5
350,The Coral Degree deep control,Carla Owen,Mystery,2004-04-15,978-0-684-64553-7,10
351,The DarkGreen Maybe bag seat real,Kyle Yoder,Historical,2017-04-14,978-0-222-41036-8,4
352,The DarkSlateBlue Fact body,Catherine Waters,Thriller,2005-01-10,978-0-9612762-9-4,12
353,The DarkSlateGray Like loss,Steven Kemp,Non-fiction,2020-07-22,978-1-217-90471-8,3
354,The DarkOrange Writer huge,Tanya Davis,Science Fiction,2019-02-12,978-0-89594-714-7,6
355,The FireBrick Mouth language,William Mitchell,Romance,2021-10-07,978-0-7053-2317-8,1
356,The Maroon Adult man subject,Michele Watson,Science Fiction,2014-06-03,978-0-223-88498-4,1
357,The PeachPuff Thought buy those film,Vincent Clayton,Thriller,2017-02-21,978-0-7278-6923-4,16
358,The YellowGreen System such,Nathaniel Sanders,Thriller,2021-08-27,978-0-17-581611-8,13
359,The Wheat Bad,Anna Hansen,Historical,2013-01-03,978-0-340-38069-7,9
360,The Yellow Fly board at,Michael Floyd,Non-fiction,2008-09-26,978-1-00-572010-0,17
361,The SteelBlue Speech see miss visit,John Carlson,Fantasy,2012-03-23,978-0-554-80369-2,10
362,The Linen Bill plant seek,Chris Hull,Mystery,2009-02-12,978-0-598-17843-5,13
363,The DarkGoldenRod Fly yard better,William Brooks,Mystery,2013-01-13,978-1-5201-3715-5,13
364,The MintCream Off station,Amy Flores,Non-fiction,2011-11-02,978-1-04-061990-2,12
365,The MediumSpringGreen Ask attention positive,John Burns,Historical,2013-04-27,978-0-423-72572-8,8
366,The Purple Situation,Ross Ramos,Non-fiction,2006-02-26,978-0-224-47164-0,15
367,The Olive Medical inside responsibility field,Robert Gomez,Science Fiction,2000-12-21,978-0-900285-78-3,14
368,The PaleVioletRed Group occur,James Doyle,Thriller,2005-08-03,978-0-554-11224-4,5
369,The MediumPurple Particular beyond plant,Kristin Beasley,Historical,2013-03-23,978-0-7822-0575-6,1
370,The DarkRed Hope write,Yolanda Gregory,Historical,2011-09-22,978-0-475-43374-9,8
371,The Silver Friend memory particularly,Bernard Lewis,Fantasy,2020-07-07,978-0-632-36062-8,4
372,The LightSalmon Contain and deal player,Brittany Freeman,Science Fiction,2000-03-13,978-0-658-33308-8,9
373,The MediumSeaGreen Share ever attorney,Christopher Arnold,Romance,2009-12-01,978-1-04-496538-8,3
374,The Moccasin Director prevent amount,Brenda Thompson,Thriller,2021-04-21,978-0-19-332137-3,2
375,The SpringGreen Various few,Kayla Adkins,Romance,2018-04-15,978-0-642-36682-5,4
376,The MediumPurple Pressure could different,Lori Shea DVM,Non-fiction,2000-04-08,978-1-181-84684-7,18
377,The Red By,Thomas Morgan,Science Fiction,2006-04-24,978-0-9543580-6-8,3
378,The Olive Author fight despite,Michael King,Non-fiction,2007-02-12,978-1-201-53010-7,18
379,The LightGoldenRodYellow Cultural player degree,Gary Phillips,Historical,2006-11-16,978-0-8012-0708-2,8
380,The Sienna School opportunity coach huge,Tyler Wilson,Mystery,2012-07-06,978-0-7650-9927-3,6
381,The Gainsboro Beyond partner,Daniel Michael,Non-fiction,2006-01-31,978-0-211-44041-3,9
382,The MintCream Doctor exist,Daniel Richardson,Mystery,2009-03-04,978-1-4712-3693-8,19
383,The DarkSlateGray As green,Gary Callahan,Romance,2011-04-16,978-1-5150-6769-6,7
384,The DarkGreen Congress street in act,Stephanie Dominguez,Mystery,2016-06-15,978-0-586-95552-9,12
385,The GoldenRod Court now nearly,Kim Garcia,Non-fiction,2017-12-02,978-0-17-295816-3,19
386,The MediumAquaMarine Rich year other,Carlos Cook,Fantasy,2015-10-19,978-0-89727-263-6,5
387,The HotPink Travel factor benefit,Monica White,Non-fiction,2009-09-17,978-0-356-37610-3,2
388,The SeaGreen Nothing reason we,Alicia Underwood,Thriller,2012-10-17,978-0-02-701945-2,1
389,The Pink Safe,Larry Townsend,Romance,2005-02-14,978-0-325-02544-5,8
390,The Sienna Employee magazine book,Kathleen Wolfe,Fantasy,2013-02-10,978-1-5271-2900-9,2
391,The Aquamarine Although short add,Christopher Aguirre,Science Fiction,2001-08-09,978-1-256-08117-3,3
392,The CadetBlue Audience put follow,Angela Brooks,Mystery,2004-04-17,978-0-9571978-9-3,16
393,The IndianRed Control value movie,David Williams,Non-fiction,2015-08-22,978-0-283-60229-0,11
394,The DarkViolet Crime wait,Melissa Ball,Fantasy,2013-06-09,978-1-9846-0831-4,14
395,The Purple General start fly,Susan Bruce DVM,Mystery,2021-08-24,978-0-17-623367-9,8
396,The SlateGray Game kind,Matthew Farrell,Fantasy,2017-09-04,978-1-919386-79-9,10
397,The PowderBlue Rest front,Trevor King,Mystery,2012-04-12,978-1-358-53501-7,4
398,The DarkKhaki Fall leave,Steven Alvarado,Fantasy,2013-07-01,978-0-8373-8143-5,5
399,The Purple Indeed wide,Caleb Freeman,Non-fiction,2003-11-25,978-0-00-781467-1,4
400,The PaleTurquoise Effort never improve,Linda Johnson,Science Fiction,2015-05-29,978-0-270-42819-3,11
401,The Fuchsia Benefit her officer,Brianna Roberts,Thriller,2008-12-23,978-1-4657-3239-2,16
402,The Fuchsia Deep state,Heather Gray,Science Fiction,2022-12-05,978-0-15-768740-8,14
403,The Khaki Part with provide,Michelle Gray,Science Fiction,2020-11-14,978-1-173-07121-9,5
404,The Olive Require,Margaret Ray,Science Fiction,2015-11-07,978-1-81836-794-3,3
405,The Tan Fast nearly various,Gina Powers,Romance,2013-07-12,978-0-512-33764-1,14
406,The GoldenRod Part only,Joshua Mcpherson,Thriller,2006-04-27,978-0-7381-1350-0,15
407,The Azure However man environmental watch,Denise Gomez,Thriller,2015-10-08,978-0-639-82797-1,6
408,The LightSeaGreen Attention there,Taylor Baird,Fantasy,2013-07-07,978-0-432-04942-6,3
409,The PowderBlue Simple interest decision,Denise Singh,Fantasy,2017-10-02,978-1-4347-3443-3,4
410,The LightSkyBlue Sound participant,Benjamin Moore,Fantasy,2016-07-11,978-1-56120-801-2,1
411,The GoldenRod Action per,Gwendolyn Miller,Romance,2005-08-11,978-1-83279-681-1,5
412,The Bisque Support,Jessica Morris,Romance,2000-02-04,978-0-630-48811-9,5
413,The MintCream Success instead,Lisa Lee,Romance,2023-04-01,978-0-626-49211-3,19
414,The NavajoWhite Generation about cut,Dennis Alvarez,Historical,2000-05-18,978-1-81518-196-2,11
415,The DarkBlue Up receive,Mrs. Amy Schmidt,Historical,2021-12-18,978-1-4562-5796-5,19
416,The DarkViolet Kid behind start,Jacob Jackson,Fantasy,2019-11-12,978-1-343-24441-2,1
417,The Chocolate Drug special,Danielle Duke,Romance,2003-12-03,978-1-226-63632-7,15
418,The PapayaWhip Dinner the increase,Lauren May,Thriller,2021-02-28,978-1-4934-2073-5,9
419,The Yellow From view,Jon Bishop,Romance,2023-09-23,978-1-70096-417-5,9
420,The OrangeRed Improve reduce,John Sullivan,Romance,2013-05-28,978-0-7248-1400-8,3
421,The DarkViolet Unit economic,Mr. Henry Jackson,Fantasy,2002-02-20,978-1-67665-491-9,13
422,The PeachPuff Truth explain,James Morrow,Non-fiction,2010-07-29,978-0-585-49589-7,15
423,The SeaShell Couple hair sea,Andre Moreno,Romance,2007-04-23,978-1-142-72539-6,18
424,The Plum Five source his,Amy Garza,Fantasy,2001-02-21,978-1-240-00382-2,1
425,The LimeGreen Hard them,Micheal Dunn,Romance,2008-10-19,978-1-117-01561-3,4
426,The RoyalBlue Many,Miguel Mora,Historical,2003-12-05,978-0-10-017449-8,6
427,The White Million score political,Matthew Hughes,Fantasy,2004-07-06,978-1-77899-833-1,10
428,The MediumBlue Religious low,Amanda Cohen,Mystery,2003-01-18,978-1-65805-896-4,11
429,The Magenta Article employee,Bonnie Lopez,Thriller,2004-03-28,978-0-497-91052-5,14
430,The Yellow Site everybody strategy grow,Maria James,Science Fiction,2007-11-03,978-0-7762-0660-8,5
431,The LightYellow Including school same,Peter Alexander,Historical,2020-03-08,978-1-66029-516-6,16
432,The SpringGreen What,Amanda Arnold MD,Romance,2009-11-10,978-1-64540-088-2,12
433,The RosyBrown Stand with will,Reginald Garcia,Fantasy,2005-09-04,978-1-920534-84-4,1
434,The Plum Later,Cynthia Love,Historical,2016-06-24,978-1-140-60172-2,8
435,The SlateGray Politics too ability,Stacy Huang,Non-fiction,2017-01-24,978-0-612-78340-9,3
436,The Azure Whom already,Melissa Harris,Romance,2014-04-23,978-0-562-15780-0,20
437,The LavenderBlush Kid,Jennifer Smith,Fantasy,2004-09-09,978-1-4625-3262-9,1
438,The Khaki Matter,Isaiah Best PhD,Science Fiction,2011-04-29,978-0-9510170-8-1,2
439,The DarkKhaki Our here,Maria Scott,Science Fiction,2001-01-20,978-1-57370-769-5,20
440,The DarkOliveGreen Draw,Brittany Sanchez,Romance,2017-06-13,978-0-7919-1929-3,18
441,The BurlyWood Small without,Micheal Lee,Fantasy,2017-04-14,978-1-55908-170-2,20
442,The Orchid Crime sense,Lisa Williams,Fantasy,2016-01-03,978-1-4766-1710-7,4
443,The PaleGoldenRod Respond someone different,Linda Hendrix,Fantasy,2002-10-20,978-1-72555-656-0,3
444,The Green Lay it behind food,Stephen Clark,Fantasy,2002-02-13,978-1-60472-601-5,6
445,The Fuchsia Maybe police way,Karen Strong,Science Fiction,2004-11-09,978-0-11-915338-5,20
446,The Plum Agree he who,Douglas Johnson,Romance,2010-08-17,978-1-942585-62-6,16
447,The OrangeRed Low quality,Richard Davis,Thriller,2003-05-27,978-0-365-08705-2,12
448,The DeepSkyBlue Class walk,Renee Shaw,Mystery,2001-09-16,978-0-01-287416-5,9
449,The SeaShell Rest hand each,Miss Diana Fields,Romance,2018-02-01,978-0-377-68047-0,20
450,The GoldenRod Activity crime,Donna Hamilton,Fantasy,2008-04-09,978-1-5296-5653-4,13
451,The Crimson Together mouth able,Kayla Nash,Thriller,2000-01-12,978-0-462-97594-8,16
452,The OldLace Total sure,Patricia Walker,Mystery,2012-12-01,978-0-511-23617-4,14
453,The NavajoWhite Allow consumer,Brandon Mejia,Science Fiction,2014-12-19,978-0-223-70988-1,5
454,The PaleGreen Include piece,Jessica Reed,Thriller,2020-07-16,978-0-445-20785-1,12
455,The LightBlue Child less,Derek Leach,Non-fiction,2021-08-24,978-0-369-39190-2,18
456,The SlateBlue Possible arm pull,Tanya Sanders,Fantasy,2022-12-29,978-0-261-20557-4,19
457,The FloralWhite Consider career imagine,Kelly Hickman,Thriller,2007-11-16,978-1-59341-051-3,14
458,The Aquamarine Include itself work,Tina Ibarra,Historical,2019-09-11,978-0-681-14731-7,17
459,The PaleTurquoise In particularly,Brian Fernandez,Romance,2002-04-25,978-0-300-44185-7,19
460,The SaddleBrown Hold west half,Austin Anderson,Thriller,2016-12-28,978-1-126-43002-5,7
461,The GhostWhite Sport indeed example,Suzanne Barr,Romance,2017-10-19,978-0-07-872135-9,16
462,The MediumSpringGreen Experience people,Donna Yoder,Mystery,2007-07-25,978-0-318-00009-1,19
463,The LightYellow Card our,Teresa Garcia,Science Fiction,2017-05-16,978-0-689-82691-7,1
464,The DarkSalmon Court for,Aaron Miller,Romance,2012-08-23,978-1-57335-437-0,20
465,The Peru Effect leg,Matthew Peterson,Historical,2012-06-09,978-0-08-796688-8,17
466,The Gainsboro Form can support,Casey Jackson,Fantasy,2015-10-27,978-0-342-83869-1,13
467,The Ivory Husband site the,Angela Avila,Historical,2020-01-15,978-0-7534-5883-9,16
468,The Magenta Teach yes TV,Robert Mcgee,Non-fiction,2008-08-06,978-0-12-594115-0,16
469,The Tomato Population sport question,William Hale,Fantasy,2014-07-01,978-1-922307-35-4,8
470,The Green Wrong government chance,Kenneth Adams,Science Fiction,2002-10-15,978-1-06-553291-0,6
471,The SeaShell Benefit bed,Jay Rivera,Historical,2003-05-16,978-1-105-33686-7,17
472,The AliceBlue High,Katrina Miles,Non-fiction,2020-08-21,978-1-247-68408-6,8
473,The DarkSalmon Foreign audience government,Cynthia Velasquez,Mystery,2012-01-11,978-0-907012-46-7,2
474,The DarkGoldenRod Support project mission,Robert Harris,Non-fiction,2003-07-06,978-1-314-02353-4,18
475,The MidnightBlue Me leg home,Marcus Munoz,Science Fiction,2010-01-18,978-1-145-03200-2,7
476,The MidnightBlue Place water,Casey Thompson,Romance,2005-11-08,978-0-05-302218-1,14
477,The NavajoWhite College begin,Christy Hernandez,Fantasy,2002-06-01,978-1-170-92192-0,19
478,The Blue Improve player yourself,Steven Brown,Mystery,2013-10-29,978-1-02-451687-6,5
479,The MediumBlue At,Eric Jensen,Thriller,2020-11-15,978-0-223-99325-9,9
480,The LightCyan True test source,Robert Miller,Non-fiction,2018-07-27,978-1-01-347098-1,6
481,The DarkCyan Sister on who important,Brittany White,Mystery,2002-06-03,978-1-55705-768-6,9
482,The Magenta Manager,Anne Orr,Mystery,2004-11-28,978-0-276-69675-6,4
483,The Gold Indicate scene,Jonathan Baxter,Non-fiction,2011-09-23,978-0-8092-3778-4,11
484,The BlueViolet Human oil check involve,Michelle Sharp,Mystery,2004-07-01,978-1-72583-662-4,1
485,The SlateGray Media operation,Brenda Brown,Non-fiction,2014-09-05,978-0-478-38679-0,14
486,The SlateBlue Understand edge,Allison Rodriguez,Mystery,2001-09-23,978-1-4028-7774-2,19
487,The LightSkyBlue Serve spring,Thomas Foley,Mystery,2001-04-20,978-0-697-71076-5,15
488,The Violet Improve defense parent,Richard Shannon,Non-fiction,2008-10-22,978-1-184-88760-1,9
489,The LightSkyBlue Bag house,Vanessa Olson,Romance,2016-10-21,978-1-79597-290-1,3
490,The DarkTurquoise Wrong determine region dog,Mackenzie Alvarez,Romance,2000-03-06,978-0-218-60017-9,10
491,The Chartreuse Public tree couple,Kathleen George,Fantasy,2008-10-08,978-1-81836-289-4,8
492,The MediumVioletRed Picture hour,Robert Bowman,Non-fiction,2020-01-29,978-0-580-03721-4,3
493,The PapayaWhip Education leg short,Diane Olson,Fantasy,2017-10-29,978-0-8226-5783-5,20
494,The Orange Southern wife,Scott Wood Jr.,Mystery,2007-03-07,978-0-249-58887-3,1
495,The DeepSkyBlue Court pressure,Debra Farmer,Fantasy,2020-02-06,978-0-7297-8883-0,10
496,The Gainsboro Upon lay,Daniel Vaughn,Mystery,2014-08-02,978-0-85416-102-7,12
497,The Plum Together quality,Mary Sherman,Science Fiction,2003-03-19,978-0-04-051007-3,12
498,The MediumBlue Weight,Jessica Garner,Historical,2022-06-24,978-0-9686316-6-9,8
499,The HoneyDew Wonder analysis,Mark Griffin,Science Fiction,2018-12-09,978-1-62157-964-9,19
500,The Linen Paper best us method,Christina Walker,Historical,2001-10-31,978-1-392-80550-3,11